{
    "os": "macOS-10.16-x86_64-i386-64bit",
    "python": "3.8.12",
    "heartbeatAt": "2021-11-22T11:33:09.799385",
    "startedAt": "2021-11-22T11:33:08.676214",
    "docker": null,
    "cpu_count": 8,
    "cuda": null,
    "args": [
        "--input_artifact",
        "iris.csv:latest",
        "--artifact_name",
        "clean_data.csv",
        "--artifact_type",
        "processed_data",
        "--artifact_description",
        "Cleaned data"
    ],
    "state": "running",
    "program": "run.py",
    "codePath": "run.py",
    "host": "Ivanovitchs-MacBook-Air.local",
    "username": "ivanovitchsilva",
    "executable": "/Users/ivanovitchsilva/opt/anaconda3/envs/mlflow-442b605cf4f2bb5b19a724508cc4b93c7ef761f3/bin/python"
}
