{
    "os": "macOS-11.6-x86_64-i386-64bit",
    "python": "3.10.0",
    "heartbeatAt": "2021-11-22T11:32:56.103399",
    "startedAt": "2021-11-22T11:32:55.165169",
    "docker": null,
    "cpu_count": 8,
    "cuda": null,
    "args": [
        "--file_url",
        "https://raw.githubusercontent.com/scikit-learn/scikit-learn/4dfdfb4e1bb3719628753a4ece995a1b2fa5312a/sklearn/datasets/data/iris.csv",
        "--artifact_name",
        "iris.csv",
        "--artifact_type",
        "raw_data",
        "--artifact_description",
        "Input data"
    ],
    "state": "running",
    "program": "/Users/ivanovitchsilva/Desktop/MLOPs/guide_exercise_03/download_data/download_data.py",
    "codePath": "download_data.py",
    "host": "Ivanovitchs-MacBook-Air.local",
    "username": "ivanovitchsilva",
    "executable": "/Users/ivanovitchsilva/opt/anaconda3/envs/mlflow-556b9cdf9f67aadc2a78fdcde1f81278f320a27e/bin/python"
}
